,Aroma,Appearance,Flavor,Mouthfeel,Overall
0,0.2001287392675221,0.27732414925638277,0.22663686403314232,0.21090685156466898,0.2552542747252225
2,0.4507213554772665,0.5232291142425826,0.4888651233014598,0.45990343482637497,0.523075980716764
1,0.6687987788364652,0.7982384223353964,0.7130708816505562,0.7128185242632661,0.7436015254178233
