,Aroma,Appearance,Flavor,Mouthfeel,Overall
0,0.19967905336124075,0.274213270579478,0.2261904761905308,0.20813722775935112,0.25458267762429393
1,0.4488530365089774,0.5233248913485347,0.48683154592544037,0.45940030641278495,0.5213592089218456
2,0.6685329247210613,0.7976485148514063,0.7128909319503539,0.7127718352192633,0.7431372366560207
